"id","submitdate","lastpage","startlanguage","seed","startdate","datestamp","F1","F2","F4","F3","F5","F6","F7","F7[other]","F7a[SQ001]","F7a[SQ002]","F8","F8[other]","F9","F10","F11","F12","F13","F14","F15","F16","F17","F18","F18[other]","F19","F20","F21","F21a","F22","F23","F24","F25","F26","F27","F28","interviewtime","groupTime73064","F1Time","F2Time","F4Time","F3Time","F5Time","F6Time","F7Time","F7aTime","F8Time","groupTime73923","F9Time","F10Time","F11Time","F12Time","F13Time","F14Time","F15Time","F16Time","F17Time","F18Time","F19Time","F20Time","F21Time","F21aTime","groupTime73924","F22Time","F23Time","F24Time","F25Time","F26Time","groupTime74888","F27Time","F28Time"
"1","2021-06-01 19:09:34","4","de","1888023806","2021-06-01 19:08:14","2021-06-01 19:09:34","20","A1","A2","A2","A5","A3","","","","","","","A1","","","","A2","","","","","","","","","A2","","A2","","","Zuviel Aufwand und wahrscheinlich zu geringe Entlohnung ","","","","82.25","23.03","","","","","","","","","","15.34","","","","","","","","","","","","","","","37.88","","","","","","6","",""
"2","2021-06-01 20:39:53","4","de","322893250","2021-06-01 20:35:31","2021-06-01 20:39:53","58","A2","A3","A4","A6","A3","","","","","","","A3","A2","A3","A2","A1","A4","A3","A1","A3","A1","","A1","A3","A1","","A2","","","Meine Zeit ist dafür zu kostbar","","","","263.88","50.41","","","","","","","","","","125.84","","","","","","","","","","","","","","","77.37","","","","","","10.26","",""
"3","2021-06-01 22:02:17","4","de","82500188","2021-06-01 21:58:49","2021-06-01 22:02:17","26","A2","A2","A3","A5","A1","A4","","Göttingen ","Hannover","A3","","A4","A1","A2","A3","A1","A4","A3","A1","A4","A1","","A2","A2","A1","","A2","","","Zu viel Eigengepäck","","","","211.04","61.87","","","","","","","","","","115.11","","","","","","","","","","","","","","","30.38","","","","","","3.68","",""
"4","2021-06-02 09:30:02","4","de","1532000882","2021-06-02 09:27:11","2021-06-02 09:30:02","21","A1","A2","A2","A5","A3","","","","","","","A2","A2","A3","A2","A1","A2","A3","A1","A4","A2","","A1","A2","A1","","A1","A3","5","","A1","","","172.67","30.22","","","","","","","","","","93.11","","","","","","","","","","","","","","","41.37","","","","","","7.97","",""
"5","2021-06-02 10:26:17","4","de","1832761189","2021-06-02 10:21:16","2021-06-02 10:26:17","23","A2","A2","","A5","A3","","","","","","","A2","A1","A3","A2","A1","A3","A3","A2","","-oth-","kommt auf den Inhalt drauf an","A2","A2","A2","zu weit weg, zu viel Aufwand","A1","A3","5","","A1","","email","303.58","100.42","","","","","","","","","","127.63","","","","","","","","","","","","","","","43.75","","","","","","31.78","",""
"6","2021-06-02 16:53:35","4","de","295474762","2021-06-02 16:51:06","2021-06-02 16:53:35","24","A1","A3","A3","A6","A1","A1","","Ahrensburg","Wandsbek-Gartenstadt","A1","","A1","","","","A1","A2","","","","","","","","A1","","A1","A4","5","","A1","","","150.14","65.84","","","","","","","","","","31.22","","","","","","","","","","","","","","","48.02","","","","","","5.06","",""
"7","2021-06-02 17:18:12","4","de","1498440653","2021-06-02 17:15:23","2021-06-02 17:18:12","21","A1","A2","A2","A5","A3","","","","","","","A2","A2","A1","A3","A2","","A3","A2","","A1","","A2","A3","A2","","A2","","","Nein, lohnt sich vermutlich nicht, zu aufwendig...","","","","171.25","52.88","","","","","","","","","","61.58","","","","","","","","","","","","","","","52.84","","","","","","3.95","",""
"8","2021-06-02 17:39:25","4","de","73444540","2021-06-02 17:35:41","2021-06-02 17:39:25","30","A1","A2","A4","A6","A3","","","","","","","A2","A2","A3","A2","A2","","A2","A1","A3","A2","","A1","A1","A1","","A1","A4","10","","A1","","","225.15","36.05","","","","","","","","","","121.65","","","","","","","","","","","","","","","59.15","","","","","","8.3","",""
"9","2021-06-06 20:21:38","4","de","992435136","2021-06-06 20:15:16","2021-06-06 20:21:38","72","A1","A3","A3","A4","A3","","","","","","","A3","A2","A3","A2","A2","","A3","A2","","A3","","A2","A2","A1","","A1","A3","5","","A1","","","384.55","81.6","","","","","","","","","","162.69","","","","","","","","","","","","","","","116.37","","","","","","23.89","",""
"10","2021-06-06 20:49:44","4","de","1739135974","2021-06-06 20:45:40","2021-06-06 20:49:44","43","A2","A3","A4","A6","A3","","","","","","","A2","A2","A3","A2","A1","A2","A4","A2","","A3","","A2","A2","A1","","A1","A1","3","","A1","","","246.76","45.68","","","","","","","","","","98.82","","","","","","","","","","","","","","","90.88","","","","","","11.38","",""
"11","2021-06-06 22:07:06","4","de","2072686915","2021-06-06 21:57:32","2021-06-06 22:07:06","44","A2","A3","A3","A5","A3","","","","","","","A3","A2","A3","A3","A1","A3","A3","A2","","A2","","A1","A2","A2","Zu weit weg ","A1","A1","10","","A1","Wichtig ist tatsächlich die Packet Größe und das Gewicht. Und die Tragemöglichkeit. Tasche, Schnüre...","","576.36","66.9","","","","","","","","","","199.69","","","","","","","","","","","","","","","164.1","","","","","","145.67","",""
"12","","0","de","772423695","2021-06-07 16:19:42","2021-06-07 16:19:42","","","","","","","","","","","","","","","","","","","","","","","","","","","","","","","","","","","0","","","","","","","","","","","","","","","","","","","","","","","","","","","","","","","","","",""
"13","2021-06-07 16:27:41","4","de","929052415","2021-06-07 16:21:34","2021-06-07 16:27:41","23","A1","A2","A5","A4","A3","","","","","","","A4","A1","A3","A3","A1","A2","A3","A2","","A2","","A1","A2","A1","","A1","A3","7","","A1","Strecke von Bahnhof zu Bahnhof damit man den Preis pro Paket besser kalkulieren kann","","370.13","43.65","","","","","","","","","","178.94","","","","","","","","","","","","","","","73.74","","","","","","73.8","",""
"14","2021-06-07 16:25:31","4","de","953147217","2021-06-07 16:23:01","2021-06-07 16:25:31","23","A1","A2","A2","A5","A3","","","","","","","A3","A2","A2","A1","A2","","A3","A2","","-oth-","kommt auf das Paket an","A2","A1","A1","","A1","A2","5","","A2","","","152.35","45.28","","","","","","","","","","68.76","","","","","","","","","","","","","","","32.92","","","","","","5.39","",""
"15","2021-06-07 16:32:58","4","de","1609296568","2021-06-07 16:28:06","2021-06-07 16:32:58","24","A1","A2","A2","A6","A3","","","","","","","A2","A2","A2","A3","A2","","A3","A2","","A2","","A2","A1","A1","","A2","","","Wenn ich normal Reise, will ich entspannt durch die Gegend fahren und nicht noch Verantwortung für eine Sendung übernehmen. Wenn es keine Urlaubsfahrt ist, sondern eine Pendelfahrt könnte ich es mir vorstellen. ","","","","293.62","32.82","","","","","","","","","","115.09","","","","","","","","","","","","","","","139.37","","","","","","6.34","",""
"16","2021-06-07 16:36:26","4","de","1277135345","2021-06-07 16:33:37","2021-06-07 16:36:26","25","A2","A3","A4","A6","A1","-oth-","4 mal im Monat (durch Corona) vorher täglich","Bergisch Gladbach ","Köln ","-oth-","Einzelticket","A4","A2","A3","A1","A2","","A3","A1","A4","A3","","A2","A2","A1","","A1","A1","5","","A1","","Info@hannah-wittmann.de","170.87","70.82","","","","","","","","","","51.61","","","","","","","","","","","","","","","33.03","","","","","","15.41","",""
"17","2021-06-07 16:43:16","4","de","1070795715","2021-06-07 16:40:48","2021-06-07 16:43:16","23","A1","A3","A4","A6","A3","","","","","","","A2","A2","A3","A3","A2","","A3","A2","","A2","","A2","A1","A1","","A2","","","Fahre kaum Zug","","","","150.16","34.94","","","","","","","","","","58.4","","","","","","","","","","","","","","","42.29","","","","","","14.53","",""
"18","2021-06-07 16:49:27","4","de","1733910679","2021-06-07 16:43:13","2021-06-07 16:49:27","26","A1","A2","A4","A6","A3","","","","","","","A2","A2","A3","A2","A1","A4","A4","A2","","A2","","A2","A2","A1","","A1","A4","3","","A1","Verifizierung von Sendern wäre mir wichtig. Man will nicht unwissend zum Schmuggler werden.","","376.29","83.79","","","","","","","","","","104.21","","","","","","","","","","","","","","","95.43","","","","","","92.86","",""
"19","2021-06-07 16:47:24","4","de","1726053992","2021-06-07 16:45:29","2021-06-07 16:47:24","25","A2","A3","A5","A5","A3","","","","","","","A1","","","","A1","A3","","","","","","","","A1","","A1","A1","10","","A1","","","116.92","44.88","","","","","","","","","","29.66","","","","","","","","","","","","","","","37.33","","","","","","5.05","",""
"20","2021-06-07 16:50:51","4","de","1101189246","2021-06-07 16:46:44","2021-06-07 16:50:51","24","A1","A2","A1","A5","A3","","","","","","","A2","A2","A1","A3","A1","A2","A3","A2","","A2","","A2","A1","A1","","A1","A4","3","","A1","","email","247.96","27.97","","","","","","","","","","111.23","","","","","","","","","","","","","","","74.17","","","","","","34.59","",""
"21","2021-06-07 17:05:18","4","de","1261413604","2021-06-07 16:47:47","2021-06-07 17:05:18","26","A2","A2","A2","A6","A3","","","","","","","A2","A2","A3","A3","A1","A1","A3","A1","A2","A2","","A2","A1","A1","","A1","A4","20","","A1","","","1052.59","97.5","","","","","","","","","","863.59","","","","","","","","","","","","","","","82.35","","","","","","9.15","",""
"22","2021-06-07 17:04:02","4","de","2042944138","2021-06-07 16:53:05","2021-06-07 17:04:02","24","A1","A2","A2","A5","A3","","","","","","","A3","A1","A3","A2","A2","","A3","A1","A3","A2","","A1","A1","A1","","A1","A3","5","","A1","","","659.61","530.86","","","","","","","","","","70.77","","","","","","","","","","","","","","","53.8","","","","","","4.18","",""
"23","2021-06-07 17:00:00","4","de","248548382","2021-06-07 16:57:41","2021-06-07 17:00:00","26","A1","A3","A5","A6","A3","","","","","","","A4","A1","A2","A3","A2","","A3","A2","","A3","","A1","A2","A2","Kann es ins Büro schicken","A2","","","Keine Zeit zu geringe Entlohnung ","","","","206.02","28.77","","","","","","","","","","134.45","","","","","","","","","","","","","","","39.11","","","","","","3.69","",""
"24","2021-06-07 17:19:50","4","de","1387318809","2021-06-07 17:17:58","2021-06-07 17:19:50","26","A2","A3","A5","A6","A3","","","","","","","A2","A2","A3","A2","A2","","A3","A2","","A1","","A2","A1","A1","","A1","A1","10","","A1","","","114.17","30.99","","","","","","","","","","44.26","","","","","","","","","","","","","","","30.95","","","","","","7.97","",""
"25","2021-06-07 17:25:45","4","de","1686858777","2021-06-07 17:21:55","2021-06-07 17:25:45","27","A2","A3","A5","A6","A2","A1","","","","","","A1","","","","A1","A3","","","","","","","","A2","Für mich wäre der Unweg so groß,  das sich Postboxen eher lohnen würden. Da wäre der extra Spritverbrauch vermutlich schlimmer.","A1","A4","10","","A1","","","318.21","73.42","","","","","","","","","","174.15","","","","","","","","","","","","","","","64.02","","","","","","6.62","",""
"26","2021-06-07 17:40:14","4","de","941797046","2021-06-07 17:38:07","2021-06-07 17:40:14","25","A1","A3","A4","A5","A2","A2","","","","","","A2","A2","A2","A3","A1","A2","A3","A2","","A3","","A2","A2","A1","","A1","A3","5","","A1","","","128.38","31.83","","","","","","","","","","52.17","","","","","","","","","","","","","","","39.25","","","","","","5.13","",""
"27","2021-06-07 17:52:59","4","de","1038139361","2021-06-07 17:50:46","2021-06-07 17:52:59","22","A2","A2","A2","A5","A3","","","","","","","A2","A2","A2","A1","A1","A4","A4","A1","A2","A2","","A1","A1","A1","","A1","A1","3","","A1","","","135.22","30.03","","","","","","","","","","67.96","","","","","","","","","","","","","","","32.84","","","","","","4.39","",""
"28","2021-06-07 17:55:59","4","de","297700386","2021-06-07 17:52:28","2021-06-07 17:55:59","32","A1","A3","A5","A6","A3","","","","","","","A3","A2","A3","A2","A1","A3","A3","A1","A4","-oth-","Kommt auf den Inhalt an","A2","A2","A2","Zu weit weg ????","A2","","","Zeit zu schade","","Für nachhaltigen Versand bin ich gerne bereit mehr zu zahlen, aber noch wichtiger wäre mir eigentlich, dass Pakete, die ich erhalte nachhaltig verschickt werden (Amazon etc...)","email","213.38","30.2","","","","","","","","","","78.49","","","","","","","","","","","","","","","31.83","","","","","","72.86","",""
"29","2021-06-07 18:08:12","4","de","877186540","2021-06-07 17:58:20","2021-06-07 18:08:12","21","A1","A2","A1","A5","A3","","","","","","","A3","A2","A2","A3","A1","A2","A3","A1","A4","A2","","A2","A3","A1","","A1","A1","4","","A1","Bedenken zur Sicherheit und Zuverlässigkeit ","","593.54","172.13","","","","","","","","","","282.7","","","","","","","","","","","","","","","97.53","","","","","","41.18","",""
"30","2021-06-07 18:06:34","4","de","841654734","2021-06-07 18:01:43","2021-06-07 18:06:34","23","A1","A2","A1","A6","A3","","","","","","","A1","","","","A1","A2","","","","","","","","A1","","A1","A4","5","","A1","","","293.69","30.89","","","","","","","","","","30.92","","","","","","","","","","","","","","","221.71","","","","","","10.17","",""
"31","2021-06-07 18:09:59","4","de","983736940","2021-06-07 18:07:09","2021-06-07 18:09:59","21","A2","A2","A2","A5","A1","A4","","Göttingen","Speyer","-oth-","Einzelfahrkarte","A3","A1","A2","A2","A1","A1","A3","A2","","A2","","A1","A1","A1","","A1","A3","5","","A1","","","171.81","49.37","","","","","","","","","","73.76","","","","","","","","","","","","","","","44.16","","","","","","4.52","",""
"32","2021-06-07 18:18:33","4","de","1286725571","2021-06-07 18:15:26","2021-06-07 18:18:33","25","A1","A2","A2","A6","A3","","","","","","","A2","A2","A3","A2","A1","A4","A3","A2","","A3","","A1","A3","A1","","A1","A3","10","","A1","","","189.84","29.24","","","","","","","","","","56.96","","","","","","","","","","","","","","","78.34","","","","","","25.3","",""
"33","","0","de","1544864975","2021-06-07 18:17:49","2021-06-07 18:17:49","","","","","","","","","","","","","","","","","","","","","","","","","","","","","","","","","","","0","","","","","","","","","","","","","","","","","","","","","","","","","","","","","","","","","",""
"34","2021-06-07 18:30:54","4","de","436092817","2021-06-07 18:24:10","2021-06-07 18:30:54","25","A2","A2","A2","A5","A3","","","","","","","A3","A1","A2","A3","A2","","A3","A1","A2","A2","","A2","A1","A2","","A1","A3","5","","A1","","","406.53","35.72","","","","","","","","","","160.65","","","","","","","","","","","","","","","204.89","","","","","","5.27","",""
"35","","0","de","1244584937","2021-06-07 18:25:32","2021-06-07 18:25:32","","","","","","","","","","","","","","","","","","","","","","","","","","","","","","","","","","","0","","","","","","","","","","","","","","","","","","","","","","","","","","","","","","","","","",""
"36","2021-06-07 18:33:43","4","de","403517190","2021-06-07 18:31:27","2021-06-07 18:33:43","23","A1","A2","A2","A5","A3","","","","","","","A1","","","","A1","A4","","","","","","","","A2","Leider tatsächlich zu faul!","A1","A1","10","","A1","","","138.25","41.32","","","","","","","","","","35.88","","","","","","","","","","","","","","","55.14","","","","","","5.91","",""
"37","2021-06-07 18:54:43","4","de","822267630","2021-06-07 18:50:54","2021-06-07 18:54:43","22","A2","A2","A1","A5","A3","","","","","","","A2","A2","A3","A3","A1","A2","A3","A1","A2","A2","","A2","A1","A1","","A1","A3","3","","A1","","","231.06","31.9","","","","","","","","","","131.44","","","","","","","","","","","","","","","61","","","","","","6.72","",""
"38","2021-06-07 18:54:08","4","de","1088993411","2021-06-07 18:51:23","2021-06-07 18:54:08","25","A1","A2","A2","A6","A3","","","","","","","A1","","","","A1","A3","","","","","","","","A1","","A1","A4","12","","A1","","","166.71","41.96","","","","","","","","","","18.92","","","","","","","","","","","","","","","101.48","","","","","","4.35","",""
"39","2021-06-07 18:57:14","4","de","1194802009","2021-06-07 18:54:04","2021-06-07 18:57:14","23","A1","A2","A1","A5","A3","","","","","","","A2","A2","A2","A2","A1","A3","A3","A2","","A3","","A2","A1","A1","","A1","A4","12","","A2","","","191.79","33.34","","","","","","","","","","81.55","","","","","","","","","","","","","","","70.42","","","","","","6.48","",""
"40","2021-06-07 19:00:57","4","de","713203772","2021-06-07 18:55:36","2021-06-07 19:00:57","28","A1","A2","A2","A6","A3","","","","","","","A2","A2","A5","A2","A1","A5","A4","A2","","A1","","A1","A1","A1","","A1","A1","5","","A1","Gute Idee! Ich glaube das wäre vorallem auch internationl interessant da Pakete ins Ausland oft lange unterwegs sind und manche Dinge oft schnell benötigt werden. ","","321.88","26.97","","","","","","","","","","62.35","","","","","","","","","","","","","","","64.24","","","","","","168.32","",""
"41","2021-06-07 19:09:14","4","de","1215528608","2021-06-07 18:58:36","2021-06-07 19:09:14","28","A1","A2","A1","A6","A3","","","","","","","A2","A2","A5","A3","A2","","A4","A2","","A3","","A2","A2","A1","","A1","A1","5","","A1","","","639.56","95.9","","","","","","","","","","123.73","","","","","","","","","","","","","","","224.88","","","","","","195.05","",""
"42","2021-06-07 19:09:51","4","de","644886740","2021-06-07 19:05:52","2021-06-07 19:09:51","31","A1","A3","A4","A2","A3","","","","","","","A2","A2","A4","A2","A2","","A3","A2","","A1","","A2","A1","A1","","A1","A4","10","","A2","","","240.91","57.26","","","","","","","","","","95.76","","","","","","","","","","","","","","","72.79","","","","","","15.1","",""
"43","2021-06-07 19:10:32","4","de","1441216875","2021-06-07 19:07:15","2021-06-07 19:10:32","33","A1","A3","A4","A2","A2","A2","","","","","","A3","A2","A3","A3","A1","A4","A3","A2","","A2","","A1","A2","A2","Umweg, von 2-20km","A2","","","umweg, Provinz; nächster Bhanhof in 15-20km entfernung. ","","","","198.82","51.3","","","","","","","","","","96.29","","","","","","","","","","","","","","","44.68","","","","","","6.55","",""
"44","2021-06-07 19:12:09","4","de","1247425779","2021-06-07 19:09:08","2021-06-07 19:12:09","20","A1","A2","A2","A5","A3","","","","","","","A1","","","","A2","","","","","","","","","A2","","A2","","","Zu viel Aufwand ","","","","183.12","29.73","","","","","","","","","","70.41","","","","","","","","","","","","","","","77.74","","","","","","5.24","",""
"45","","0","de","1240116780","2021-06-07 19:10:14","2021-06-07 19:10:14","","","","","","","","","","","","","","","","","","","","","","","","","","","","","","","","","","","0","","","","","","","","","","","","","","","","","","","","","","","","","","","","","","","","","",""
"46","2021-06-07 19:13:19","4","de","580950129","2021-06-07 19:11:18","2021-06-07 19:13:19","20","A1","A2","A2","A5","A3","","","","","","","A1","","","","A2","","","","","","","","","A1","","A1","A4","10","","A2","","","123.4","22.11","","","","","","","","","","47.98","","","","","","","","","","","","","","","48.57","","","","","","4.74","",""
"47","2021-06-07 19:15:56","4","de","717362683","2021-06-07 19:12:09","2021-06-07 19:15:56","20","A1","A2","A1","A5","A3","","","","","","","A2","A2","A3","A3","A1","A4","A4","A2","","A2","","A2","A3","A1","","A2","","","Der Zeitaufwand wäre für die Bezahlung wahrscheinlich zu groß, verbringe meine Zeit ungerne damit in Zügen sinnlos herum zu fahren","","","","228.83","30.28","","","","","","","","","","83.42","","","","","","","","","","","","","","","109.38","","","","","","5.75","",""
"48","","1","de","1684188907","2021-06-07 19:12:35","2021-06-07 19:13:42","20","A1","A2","A1","A5","A3","","","","","","","A2","A2","A2","","","","","","","","","","","","","","","","","","","","67.77","28.17","","","","","","","","","","39.6","","","","","","","","","","","","","","","","","","","","","","",""
"49","2021-06-07 19:21:14","4","de","195316006","2021-06-07 19:17:32","2021-06-07 19:21:14","24","A1","A3","A5","A3","A3","","","","","","","A2","A2","A3","A3","A1","A4","A3","A1","A3","-oth-","kommt auf den Inhalt an","A1","A1","A1","","A1","A3","3","","A1","","","224.72","45.73","","","","","","","","","","98.4","","","","","","","","","","","","","","","70.9","","","","","","9.69","",""
"50","2021-06-07 19:26:17","4","de","1225447676","2021-06-07 19:23:25","2021-06-07 19:26:17","23","A1","A7","A2","A5","A1","A2","","Ahrensburg ","Hamburg Altona","A1","","A2","A2","A4","A3","A1","A5","A3","A1","A3","A3","","A2","A2","A1","","A1","A3","10","","A2","","","174.48","44.32","","","","","","","","","","83.33","","","","","","","","","","","","","","","38.92","","","","","","7.91","",""
"51","2021-06-07 19:30:13","4","de","1624667453","2021-06-07 19:25:48","2021-06-07 19:30:13","28","A2","A2","A1","A6","A3","","","","","","","A3","A2","A3","A3","A1","A3","A3","A2","","-oth-","Abhängig vom Inhalt würde ich bei manchen Dingen nicht unversichert versenden, andere verschicke ich immer unversichert","A2","A2","A2","Mein Wohnort hat keinen Bahnhof, der nächste ist eine halbe Stunde Autofahrt entfernt","A2","","","Angst vor Missbrauch, dass ich mich bei strafbarem Inhalt selbst strafbar machen könnte.","","Wenn im Einstiegstext mit „Liebe/r“ ein Gendern begonnen wird, würde ich mich auch über ein „in“ bei Teilnehmer freuen ;)","","266.91","36.75","","","","","","","","","","117.78","","","","","","","","","","","","","","","45.4","","","","","","66.98","",""
"52","2021-06-07 19:31:58","4","de","593819861","2021-06-07 19:29:10","2021-06-07 19:31:58","24","A1","A3","A4","A5","A1","-oth-","Oft","Neuss","Berlin","-oth-","ICE mit Bahncard 50","A2","A2","A3","A2","A1","A3","A3","A1","A5","A1","","A1","A1","A2","Unpraktisch","A1","A3","10","","A1","","","169.41","65.11","","","","","","","","","","66.33","","","","","","","","","","","","","","","31.02","","","","","","6.95","",""
"53","2021-06-07 19:39:41","4","de","344684650","2021-06-07 19:37:10","2021-06-07 19:39:41","18","A1","A2","A1","A5","A3","","","","","","","A2","A1","A3","A2","A2","","A2","A2","","A1","","A2","A1","A2","","A1","A2","15","","A2","","","153.43","16.72","","","","","","","","","","63.83","","","","","","","","","","","","","","","67.83","","","","","","5.05","",""
"54","2021-06-07 19:40:54","4","de","1175954734","2021-06-07 19:38:02","2021-06-07 19:40:54","21","A2","A7","A1","A5","A1","A4","","Hannover","Hamburg","-oth-","Bahncard 50","A2","A2","A3","A2","A1","A4","A3","A2","","A2","","A2","A2","A1","","A1","A3","5","","A1","","","173.99","55.53","","","","","","","","","","62.87","","","","","","","","","","","","","","","47.57","","","","","","8.02","",""
"55","2021-06-07 19:58:21","4","de","1391278108","2021-06-07 19:40:04","2021-06-07 19:58:21","50","A1","A3","","","A3","","","","","","","A4","A2","A4","A3","A1","A5","A5","A2","","A1","","A2","A1","A1","","A2","","","Weil es bei so vielen wechselnden ""Paketlieferanten"" ein Alptraum ist bei einem Schaden / Verlust nachzuverfolgen was nun wirklich passiert ist.
Weiters fahre ich zwar täglich mit dem Fahrrad bei einem Bahnhof vorbei, nutze die Bahn aber nur ein oder zwei mal im Jahr. 
Und da ist es mir nicht den Ärger wert mir die Verantwortung eines Pakettransportes anzutun.","","Ich wünsche euch viel Glück mit eurem Vorhaben.

Da die Bahn für interne Übermittlung von Dokumenten und Gegenständen ein eigenes  ","","1098.47","41.15","","","","","","","","","","177.44","","","","","","","","","","","","","","","484.14","","","","","","395.74","",""
"56","","2","de","573516226","2021-06-07 19:45:30","2021-06-07 19:46:50","39","A1","A3","A5","A4","A3","","","","","","","A2","A2","A3","A3","A2","","A3","A1","A4","A2","","A2","A2","A2","","","","","","","","","80.41","24.3","","","","","","","","","","56.11","","","","","","","","","","","","","","","","","","","","","","",""
"57","2021-06-07 19:50:47","4","de","2118891496","2021-06-07 19:47:40","2021-06-07 19:50:47","20","A1","A2","A2","A5","A3","","","","","","","A1","","","","A1","A4","","","","","","","","A2","Bei einem großen Paket wäre es mir zu umständlich. Wenn es sich um ein Buch großes Paket handelt würde ich es machen!","A2","","","Ich habe bereits einen Nebenjob","","Alles bestens????","","188.29","33.23","","","","","","","","","","95.48","","","","","","","","","","","","","","","33.37","","","","","","26.21","",""
"58","2021-06-07 19:52:47","4","de","1841954689","2021-06-07 19:48:01","2021-06-07 19:52:47","61","A2","A3","A5","A6","A3","","","","","","","A4","A2","A3","A2","A1","A3","A3","A1","A2","A2","","A2","A1","A1","","A2","","","Man weiß nicht was im Paket drin ist. Wegen Ärger,....
","","","","287.36","41.7","","","","","","","","","","149.12","","","","","","","","","","","","","","","88.36","","","","","","8.18","",""
"59","2021-06-07 20:06:50","4","de","1072275771","2021-06-07 19:58:12","2021-06-07 20:06:50","53","A2","A3","A5","A5","A2","-oth-","Zwei Tage pro Woche","","","","","A3","A2","A2","A3","A1","A3","A3","A2","","A2","","A2","A2","A1","","A1","A1","3","","A1","Mir wäre es auch wichtig, nachhaltige vielleicht Mehrwege Verpackung zu transportieren und auch gerne meinen""Transportverdienst"" dafür zu verwenden!","email","520.01","92.43","","","","","","","","","","109.04","","","","","","","","","","","","","","","118.67","","","","","","199.87","",""
"60","","0","de","2070487400","2021-06-07 20:07:06","2021-06-07 20:07:06","","","","","","","","","","","","","","","","","","","","","","","","","","","","","","","","","","","0","","","","","","","","","","","","","","","","","","","","","","","","","","","","","","","","","",""
"61","2021-06-07 21:10:28","4","de","387765563","2021-06-07 21:05:22","2021-06-07 21:10:28","20","A2","A2","A2","A5","A3","","","","","","","A2","A2","A2","A2","A1","A2","A3","A2","","A3","","A2","A3","A1","","A1","A3","4","","A1","","","307.16","37.45","","","","","","","","","","159.19","","","","","","","","","","","","","","","103.44","","","","","","7.08","",""
"62","2021-06-07 21:15:23","4","de","1510690096","2021-06-07 21:10:47","2021-06-07 21:15:23","27","A1","A3","A3","A6","A2","A2","","","","","","A1","","","","A1","A3","","","","","","","","A1","","A2","","","Keine Lust/Zeit","","","","277.91","34.92","","","","","","","","","","24.83","","","","","","","","","","","","","","","212.99","","","","","","5.17","",""
"63","2021-06-07 21:16:05","4","de","244764012","2021-06-07 21:13:51","2021-06-07 21:16:05","32","A1","A3","A5","A6","A2","A1","","","","","","A4","A2","A3","A2","A2","","A3","A1","A4","A1","","A2","A3","A2","Zu aufwendig","A2","","","Keine Zeit. Ich verpasse den Zug so schon fast immer. ","","","","136.79","27.67","","","","","","","","","","60.84","","","","","","","","","","","","","","","42.56","","","","","","5.72","",""
"64","2021-06-07 21:38:18","4","de","603390951","2021-06-07 21:34:52","2021-06-07 21:38:18","56","A1","A3","A5","A5","A1","A2","","Ahrensburg","Hamburg ","-oth-","Jobticket","A2","A2","A3","A3","A1","A3","A3","A2","","A2","","A2","A1","A2","Zu umständlich ","A1","A1","2","","A1","","","208.39","72.71","","","","","","","","","","86.45","","","","","","","","","","","","","","","38.75","","","","","","10.48","",""
"65","2021-06-07 21:41:07","4","de","247303997","2021-06-07 21:38:52","2021-06-07 21:41:07","56","A1","A3","A5","A5","A1","A2","","Ahrensburg","Hamburg ","-oth-","Jobticket","A2","A2","A3","A3","A1","A4","A3","A2","","A2","","A2","A1","A1","","A1","A1","2","","A1","Keine","","136.65","57.96","","","","","","","","","","48.17","","","","","","","","","","","","","","","17.97","","","","","","12.55","",""
"66","2021-06-07 21:48:08","4","de","1807442420","2021-06-07 21:45:26","2021-06-07 21:48:08","21","A1","A2","A1","A5","A1","A4","","Ahrensburg","Lübeck HBF","A3","","A2","A2","A1","A4","A1","A4","A3","A1","A3","A2","","A2","A2","A1","","A1","A1","2","","A1","","","164.64","63.8","","","","","","","","","","57.63","","","","","","","","","","","","","","","36.64","","","","","","6.57","",""
"67","","1","de","895220168","2021-06-07 22:13:08","2021-06-07 22:13:55","24","A2","A2","","A6","A3","","","","","","","","","","","","","","","","","","","","","","","","","","","","","47.3","47.3","","","","","","","","","","","","","","","","","","","","","","","","","","","","","","","","",""
"68","2021-06-07 22:40:04","4","de","1322508444","2021-06-07 22:35:16","2021-06-07 22:40:04","48","A1","A3","A5","A6","A1","A1","","Hamburg ","Ahrensburg ","A2","","A3","A2","A3","A2","A1","A3","A3","A2","","A2","","A2","A2","A2","Für große Pakete zu umständlich. ","A1","A4","2","","A1","","","289.66","77.41","","","","","","","","","","154.26","","","","","","","","","","","","","","","49.53","","","","","","8.46","",""
"69","2021-06-07 23:51:58","4","de","1799444102","2021-06-07 23:50:17","2021-06-07 23:51:58","22","A1","A2","A3","A5","A3","","","","","","","A2","A2","A3","A3","A2","","A3","A1","A3","A2","","A1","A1","A1","","A1","A3","10","","A1","","","102.85","20.55","","","","","","","","","","50.95","","","","","","","","","","","","","","","29.11","","","","","","2.24","",""
"70","2021-06-08 00:36:06","4","de","1279375342","2021-06-08 00:33:44","2021-06-08 00:36:06","19","A2","A2","A3","A5","A1","A4","","Wilhelmshöhe ","Wiesbaden ","-oth-","BahnCard50 und Landesticket ","A5","A1","A1","A3","A1","A3","A4","A1","A4","A3","","A2","A2","A2","Warum abholen, wenn das Paket auch zuhause sein kann. Insgesamt wäre es zu zeitintensiv ","A2","","","Keine Zeit ","","","","143.67","56.09","","","","","","","","","","67.39","","","","","","","","","","","","","","","14.83","","","","","","5.36","",""
"71","2021-06-08 05:52:14","4","de","996121406","2021-06-08 05:39:01","2021-06-08 05:52:14","24","A1","A2","","A5","A3","","","","","","","A1","","","","A1","A2","","","","","","","","A2","Aufgrund der Bequemlichkeit der alternativen Lieferung vor die Haustür.","A1","A1","3","","A1","Es war mir eine Freude die Fragen zu beantworten und hoffe, dass ich weiterhelfen konnte.","email","795.37","30.12","","","","","","","","","","210.72","","","","","","","","","","","","","","","55.7","","","","","","498.83","",""
"72","","2","de","806998941","2021-06-08 09:22:29","2021-06-08 09:26:07","24","A2","A3","","A5","A2","A1","","","","","","A3","A1","A3","A2","A1","A1","A3","A1","A1","A2","","A1","A3","A2","Zeitaufwand ","","","","","","","","219.43","35.62","","","","","","","","","","183.81","","","","","","","","","","","","","","","","","","","","","","",""
"73","2021-06-08 09:42:22","4","de","791631437","2021-06-08 09:40:11","2021-06-08 09:42:22","20","A1","A2","A2","A5","A3","","","","","","","A2","A2","A3","A2","A1","A3","A3","A2","","A3","","A1","A2","A1","","A1","A1","4","","A1","","","133.71","30.93","","","","","","","","","","61.53","","","","","","","","","","","","","","","36.62","","","","","","4.63","",""
"74","","1","de","1704013588","2021-06-08 10:15:21","2021-06-08 10:15:52","24","A1","A2","","A4","A3","","","","","","","","","","","","","","","","","","","","","","","","","","","","","31.67","31.67","","","","","","","","","","","","","","","","","","","","","","","","","","","","","","","","",""
"75","2021-06-08 10:23:01","4","de","1572810553","2021-06-08 10:18:24","2021-06-08 10:23:01","19","A1","A2","A2","A5","A3","","","","","","","A2","A1","A3","A2","A1","A3","A3","A1","A5","A2","","A2","A1","A1","","A1","A2","10","","A2","","","279.11","32.43","","","","","","","","","","153.59","","","","","","","","","","","","","","","78.82","","","","","","14.27","",""
"76","2021-06-08 11:05:49","4","de","414796576","2021-06-08 11:01:01","2021-06-08 11:05:49","21","A1","A2","A1","A5","A3","","","","","","","A1","","","","A1","A4","","","","","","","","A1","","A1","A4","5","","A1","","","290.19","43.4","","","","","","","","","","86.55","","","","","","","","","","","","","","","128.95","","","","","","31.29","",""
"77","","0","de","577786046","2021-06-08 12:19:38","2021-06-08 12:19:38","","","","","","","","","","","","","","","","","","","","","","","","","","","","","","","","","","","0","","","","","","","","","","","","","","","","","","","","","","","","","","","","","","","","","",""
"78","2021-06-08 13:16:10","4","de","838580256","2021-06-08 13:13:51","2021-06-08 13:16:10","22","A1","A2","A2","A5","A2","A2","","","","","","A1","","","","A2","","","","","","","","","A1","","A2","","","Paketbote spielen habe ich weder zeitlich noch finanziell nicht nötig.","","","","141.26","45.56","","","","","","","","","","37.57","","","","","","","","","","","","","","","51.19","","","","","","6.94","",""
"79","2021-06-08 14:06:43","4","de","1480267667","2021-06-08 14:05:11","2021-06-08 14:06:43","19","A1","A2","A2","A5","A3","","","","","","","A1","","","","A1","A3","","","","","","","","A1","","A2","","","Warum? ","","","","93.08","25.78","","","","","","","","","","30.42","","","","","","","","","","","","","","","28.84","","","","","","8.04","",""
"80","2021-06-08 14:08:51","4","de","604592130","2021-06-08 14:06:25","2021-06-08 14:08:51","22","A2","A2","A2","A5","A3","","","","","","","A3","A1","A2","A2","A2","","A3","A1","A4","A2","","A2","A2","A1","","A1","A4","2","","A1","","","147.44","20.52","","","","","","","","","","98.93","","","","","","","","","","","","","","","21.45","","","","","","6.54","",""
"81","2021-06-08 16:30:11","4","de","454985257","2021-06-08 16:24:43","2021-06-08 16:30:11","25","A1","A5","A5","A5","A3","","","","","","","A5","A1","A3","A3","A2","","A3","A1","A3","A1","","A1","A1","A1","","A2","","","Zusatzgepäck, fahre selten Bahn","","","","330.59","20.83","","","","","","","","","","39.48","","","","","","","","","","","","","","","265.62","","","","","","4.66","",""
"82","","0","de","1264263763","2021-06-08 16:56:06","2021-06-08 16:56:06","","","","","","","","","","","","","","","","","","","","","","","","","","","","","","","","","","","0","","","","","","","","","","","","","","","","","","","","","","","","","","","","","","","","","",""
"83","","0","de","333351686","2021-06-08 17:16:31","2021-06-08 17:16:31","","","","","","","","","","","","","","","","","","","","","","","","","","","","","","","","","","","0","","","","","","","","","","","","","","","","","","","","","","","","","","","","","","","","","",""
"84","2021-06-08 18:13:46","4","de","800714022","2021-06-08 18:11:55","2021-06-08 18:13:46","32","A1","A3","A4","A2","A2","A2","","","","","","A1","","","","A1","A2","","","","","","","","A2","Haben keinen Bahnhof","A2","","","Ich fahr kein zug","","","","113.65","33.6","","","","","","","","","","38.73","","","","","","","","","","","","","","","37.87","","","","","","3.45","",""
"85","2021-06-08 18:59:58","4","de","1567473520","2021-06-08 18:55:12","2021-06-08 18:59:58","20","A1","A2","A2","A5","A3","","","","","","","A3","A2","A2","A2","A2","","A3","A1","A5","A2","","A2","A1","A2","Zu weit zum Bahnhof in der Stadt. Auf dem Land ebenfalls, zudem mit Auto. Da sollte die Post effizienter unterwegs sein als wenn jeder selbst zum BHF fährt","A1","A4","4","","A1","","","287.54","25.74","","","","","","","","","","199.17","","","","","","","","","","","","","","","49.57","","","","","","13.06","",""
"86","2021-06-08 19:05:00","4","de","480467780","2021-06-08 19:03:00","2021-06-08 19:05:00","23","A2","A2","","A5","A3","","","","","","","A1","","","","A1","A4","","","","","","","","A1","","A1","A3","5","","A1","","","121.94","26.83","","","","","","","","","","40.06","","","","","","","","","","","","","","","40.33","","","","","","14.72","",""
"87","2021-06-08 19:27:26","4","de","908940373","2021-06-08 19:20:25","2021-06-08 19:27:26","60","A2","A3","A4","A4","A3","","","","","","","A3","A2","A3","A2","A1","A3","A3","A2","","A3","","A2","A3","A1","","A1","A4","15","","A1","Na, es kommt schon auch auf Gewicht und Größe des Paketes an","email ","422.49","70.55","","","","","","","","","","155.07","","","","","","","","","","","","","","","102.34","","","","","","94.53","",""
"88","2021-06-08 20:10:50","4","de","2009638338","2021-06-08 20:08:14","2021-06-08 20:10:50","21","A2","A2","A1","A6","A3","","","","","","","A2","A2","A2","A1","A2","","A4","A1","A2","A3","","A2","A2","A2","Keine Zeit ","A1","A2","5","","A1","","","157.81","32.16","","","","","","","","","","84.22","","","","","","","","","","","","","","","33.91","","","","","","7.52","",""
"89","2021-06-08 23:25:07","4","de","247566296","2021-06-08 23:19:36","2021-06-08 23:25:07","20","A1","A2","A1","A5","A3","","","","","","","A1","","","","A2","","","","","","","","","A2","Da die Lieferung direkt nach Hause der größte Vorteil am bestellen ist ","A2","","","Weil ich nicht mit Paketen fremder Menschen in Kontakt kommen möchte. Ich möchte nicht für eventuelle Schäden oder Verluste verantwortlich gemanscht werden möchte. Pakete können verbotene oder gefährliche Produkte enthalten ","","","","333.39","29.89","","","","","","","","","","98.89","","","","","","","","","","","","","","","192.14","","","","","","12.47","",""
"90","2021-06-09 12:35:44","4","de","1271249449","2021-06-09 12:31:17","2021-06-09 12:35:44","25","A2","A2","A3","A5","A3","","","","","","","A3","A1","A3","A2","A2","","A3","A2","","A3","","A2","A3","A2","Ich bin zu Hause und das Paket kann mir zugestellt werden und warum sollte ich dann zum BF fahren. ","A1","A3","2.5","","A2","","","268.11","68.15","","","","","","","","","","126.73","","","","","","","","","","","","","","","56.18","","","","","","17.05","",""
"91","","0","de","188798072","2021-06-09 21:56:33","2021-06-09 21:56:33","","","","","","","","","","","","","","","","","","","","","","","","","","","","","","","","","","","0","","","","","","","","","","","","","","","","","","","","","","","","","","","","","","","","","",""
"92","2021-06-10 00:03:02","4","de","131715789","2021-06-10 00:00:05","2021-06-10 00:03:02","33","A2","A3","A4","A4","A2","A1","","","","","","A2","A2","A3","A3","A1","A3","A3","A2","","A2","","A1","A2","A1","","A1","A3","1","","A1","","","178.31","46.14","","","","","","","","","","80.44","","","","","","","","","","","","","","","43.07","","","","","","8.66","",""
"93","","0","de","1432174424","2021-06-10 12:34:05","2021-06-10 12:34:05","","","","","","","","","","","","","","","","","","","","","","","","","","","","","","","","","","","0","","","","","","","","","","","","","","","","","","","","","","","","","","","","","","","","","",""
"94","2021-06-10 15:02:06","4","de","1864048255","2021-06-10 14:51:20","2021-06-10 15:02:06","24","A1","A2","A2","A6","A3","","","","","","","A3","A1","A3","A2","A2","","A3","A2","","-oth-","Je nach Wert der versandten Ware (wenn teuer, dann versichert)","A1","A2","A2","Zu weit weg, Packstation ist deutlich näher","A1","A4","2.5","","A1","Bei der Frage für wie viel Euro man ein Paket mitnehmen würde, fehlt meiner Meinung nach ein Faktor, der das ganze in Relation setzt. Würde ich von Hamburg nach München fahren und ein Paket mitnehmen, würde ich dafür mehr haben wollen als für die Strecke Göttingen nach Hannover. Mein angegebener Preis ist daher eher als Mindestpreis zu verstehen und gilt eher für letztgenannte Strecke.","","647.6","103.15","","","","","","","","","","185.44","","","","","","","","","","","","","","","98.62","","","","","","260.39","",""
"95","2021-06-11 10:09:17","4","de","102827744","2021-06-11 09:59:16","2021-06-11 10:09:17","25","A1","A2","A2","A5","A3","","","","","","","A3","A2","A3","A2","A1","A3","A3","A2","","A3","","A2","A3","A1","","A1","A3","5","","A1","Schön wäre es zu wissen wie Nachhaltigkeit definiert ist (Vielleicht aber auch gewollt): Co2, Bezahlung der fahrenden, Umgang mit Subunternehmen, Paketaufkommen generell","","603.51","30.82","","","","","","","","","","113.5","","","","","","","","","","","","","","","57.6","","","","","","401.59","",""
"96","2021-06-11 12:20:48","4","de","614589962","2021-06-11 12:16:40","2021-06-11 12:20:48","43","A2","A3","A4","A6","A3","","","","","","","A4","A2","A3","A3","A1","A3","A3","A1","A2","-oth-","Es kommt auf den Inhalt des Pakets an","A2","A3","A1","","A1","A1","10","","A1","","email","249.82","43.99","","","","","","","","","","115.63","","","","","","","","","","","","","","","54.41","","","","","","35.79","",""
"97","2021-06-11 12:32:45","4","de","906417339","2021-06-11 12:22:02","2021-06-11 12:32:45","25","A1","A3","A5","A5","A3","","","","","","","A2","A2","A3","A3","A1","A5","A3","A1","A3","A2","","A2","A1","A1","","A1","A3","5","","A2","","","644.63","42.89","","","","","","","","","","491.51","","","","","","","","","","","","","","","106.21","","","","","","4.02","",""
"98","2021-06-11 20:09:00","4","de","302816869","2021-06-11 20:07:29","2021-06-11 20:09:00","19","A1","A2","","A5","A3","","","","","","","A1","","","","A1","A2","","","","","","","","A1","","A1","A2","1","","A2","","","92.42","21.09","","","","","","","","","","21.42","","","","","","","","","","","","","","","43.53","","","","","","6.38","",""
"99","2021-06-12 01:40:01","4","de","2137246335","2021-06-12 01:37:00","2021-06-12 01:40:01","20","A1","A2","A2","A5","A3","","","","","","","A2","A2","A2","A3","A2","","A3","A2","","A3","","A2","A3","A2","zu aufwendig","A1","A2","3","","A2","","","182.53","23.59","","","","","","","","","","80.5","","","","","","","","","","","","","","","69.33","","","","","","9.11","",""
"100","2021-06-12 19:02:30","4","de","72079532","2021-06-12 18:59:57","2021-06-12 19:02:30","25","A1","A3","A5","A6","A3","","","","","","","A2","A2","A3","A3","A2","","A3","A2","","A1","","A1","A2","A2","Ist umständlich ","A2","","","Ich arbeite ","","","","155.6","41.68","","","","","","","","","","89.48","","","","","","","","","","","","","","","18.54","","","","","","5.9","",""
"101","2021-06-12 19:05:57","4","de","898184602","2021-06-12 19:03:19","2021-06-12 19:05:57","23","A2","A2","A3","A5","A3","","","","","","","A2","A2","A2","A2","A2","","A3","A1","A3","A2","","A2","A1","A1","","A1","A1","5","","A1","","","159.75","32.28","","","","","","","","","","84.56","","","","","","","","","","","","","","","39.05","","","","","","3.86","",""
"102","2021-06-12 19:09:45","4","de","16005437","2021-06-12 19:06:01","2021-06-12 19:09:45","23","A2","A2","A1","A5","A3","","","","","","","A2","A1","A1","A3","A1","A2","A2","A2","","A3","","A2","A2","A2","Zu umständlich lol","A1","A1","2","","A1","","","225.99","23.19","","","","","","","","","","154.77","","","","","","","","","","","","","","","41.38","","","","","","6.65","",""
"103","2021-06-12 19:12:44","4","de","226636597","2021-06-12 19:10:14","2021-06-12 19:12:44","23","A2","A7","A2","A5","A3","","","","","","","A1","","","","A1","A4","","","","","","","","A1","","A1","A3","5","","A2","","","152.01","31.82","","","","","","","","","","29.28","","","","","","","","","","","","","","","48.34","","","","","","42.57","",""
"104","2021-06-12 19:17:36","4","de","377517392","2021-06-12 19:14:17","2021-06-12 19:17:36","23","A1","A2","A1","A5","A3","","","","","","","A2","A1","A2","A3","A1","A4","A3","A2","","A2","","A2","A2","A1","","A1","A1","5","","A1","","email","201.57","29.58","","","","","","","","","","88.18","","","","","","","","","","","","","","","62.94","","","","","","20.87","",""
"105","2021-06-12 19:24:44","4","de","1245506704","2021-06-12 19:22:35","2021-06-12 19:24:44","23","A1","A2","A3","A5","A3","","","","","","","A3","A2","A3","A4","A1","A3","A3","A2","","A3","","A2","A2","A1","","A1","A4","10","","A2","","","130.72","41.98","","","","","","","","","","50.5","","","","","","","","","","","","","","","34.63","","","","","","3.61","",""
"106","2021-06-12 19:26:20","4","de","1025290866","2021-06-12 19:23:34","2021-06-12 19:26:20","22","A1","A7","A2","A5","A3","","","","","","","A2","A2","A2","A3","A1","A5","A4","A1","A3","A2","","A2","A1","A1","","A1","A1","5","","A1","","","167.68","26.38","","","","","","","","","","84.67","","","","","","","","","","","","","","","48.59","","","","","","8.04","",""
"107","","2","de","1836561128","2021-06-12 19:38:28","2021-06-12 19:40:11","23","A1","A3","A4","A5","A3","","","","","","","A1","","","","A1","A3","","","","","","","","A2","Meistens keine Zeit","","","","","","","","104.06","25.25","","","","","","","","","","78.81","","","","","","","","","","","","","","","","","","","","","","",""
"108","2021-06-12 19:43:05","4","de","1443679712","2021-06-12 19:40:12","2021-06-12 19:43:05","22","A2","A2","A2","A5","A3","","","","","","","A3","A2","A3","A1","A2","","A4","A2","","A3","","A2","A3","A1","","A2","","","Ich brauche keinen Nebenjob","","","","173.87","37.02","","","","","","","","","","62.22","","","","","","","","","","","","","","","69.1","","","","","","5.53","",""
"109","2021-06-12 20:19:12","4","de","1340990723","2021-06-12 20:13:28","2021-06-12 20:19:12","22","A2","A2","A2","A5","A3","","","","","","","A2","A1","A2","A2","A1","A4","A3","A2","","A3","","A2","A3","A2","","A1","A1","6","","A1","","","345.62","73.21","","","","","","","","","","152.69","","","","","","","","","","","","","","","116.42","","","","","","3.3","",""
"110","","2","de","900673307","2021-06-12 20:22:10","2021-06-12 20:23:23","25","A1","A2","A3","A6","A3","","","","","","","A2","A2","A1","A4","A1","A2","A3","A1","A3","A2","","A2","A2","A1","","","","","","","","","73.36","28.34","","","","","","","","","","45.02","","","","","","","","","","","","","","","","","","","","","","",""
"111","","0","de","693115131","2021-06-12 20:49:26","2021-06-12 20:49:26","","","","","","","","","","","","","","","","","","","","","","","","","","","","","","","","","","","0","","","","","","","","","","","","","","","","","","","","","","","","","","","","","","","","","",""
"112","2021-06-12 21:18:44","4","de","1249388010","2021-06-12 21:03:15","2021-06-12 21:18:44","24","A1","A2","A2","A5","A3","","","","","","","A2","A2","A3","A3","A1","A2","A3","A1","A2","A2","","A1","A1","A1","","A2","","","Ich würde wissen wollen was sich darin befindet, damit ich nicht an illegalen Geschäften beteiligt bin bzw. ich dafür nicht belangt werden könnte. Außerdem wäre mir das vermutlich geringe Entgelt den Aufwand nicht wert. Selbst bei guter Umsetzung gibt es meist irgendwann technische Schwierigkeiten oder irgendwelche Probleme (bspw. alle Fächer bei der Zielstation belegt) und dann hätte ich keine Lust mich darum kümmern zu müssen. Zumal man in der vorgegeben Situation ja auf dem Weg nach Hause bzw. zur Arbeit ist. Da hat hätte ich keine Lust auf irgendwelche Nervereien. ","","Ich finde die Idee spannend, aber meiner Meinung nach muss der Fokus darauf liegen, dass der Transporteur nach Möglichkeit so wenig Umstände wie möglich hat. Außerdem wäre es für mich ein Anreiz, wenn ich mehrere (kleine) Pakete auf einmal transportieren könnte, damit sich der Aufwand lohnt. Außerdem wäre es mir wichtig, dass ich es frühzeitig weiß (2-3h vorher), ob und wie viele Pakete ich transportieren kann/soll, damit ich die Zeit einplanen kann. ","email","930.83","31.37","","","","","","","","","","79.48","","","","","","","","","","","","","","","513.56","","","","","","306.42","",""
"113","2021-06-12 21:54:14","4","de","1520656472","2021-06-12 21:51:15","2021-06-12 21:54:14","23","A2","A2","A4","A5","A3","","","","","","","A1","","","","A1","A4","","","","","","","","A2","Zeitaufwand und schwer zu transportieren","A1","A1","5","","A1","","email","181.86","36.71","","","","","","","","","","83.45","","","","","","","","","","","","","","","43.96","","","","","","17.74","",""
"114","2021-06-13 00:46:08","4","de","900148050","2021-06-13 00:42:02","2021-06-13 00:46:08","15","A2","A1","A1","A1","A3","","","","","","","A3","A1","A2","A3","A1","A2","A4","A1","A4","A2","","A2","A2","A1","","A1","A3","25","","A1","","","247.43","49.04","","","","","","","","","","99.89","","","","","","","","","","","","","","","94.88","","","","","","3.62","",""
"115","","0","de","1699755630","2021-06-13 09:18:15","2021-06-13 09:18:15","","","","","","","","","","","","","","","","","","","","","","","","","","","","","","","","","","","0","","","","","","","","","","","","","","","","","","","","","","","","","","","","","","","","","",""
"116","2021-06-13 10:54:34","4","de","451217973","2021-06-13 10:51:04","2021-06-13 10:54:34","18","A1","A1","A2","A5","A2","A1","","","","","","A2","A1","A2","A2","A1","A2","A4","A1","A5","A2","","A2","A1","A2","Soll zu mir kommen","A1","A3","10","","A2","","","211.13","40.38","","","","","","","","","","97.35","","","","","","","","","","","","","","","65.25","","","","","","8.15","",""
"117","2021-06-13 14:59:23","4","de","1109181036","2021-06-13 14:56:07","2021-06-13 14:59:23","19","A1","","A2","A5","A3","","","","","","","A2","A2","A2","A2","A2","","A3","A1","A2","A3","","A2","A2","A1","","A1","A4","4","","A1","","","197.96","32.43","","","","","","","","","","89.67","","","","","","","","","","","","","","","70.55","","","","","","5.31","",""
"118","2021-06-14 12:57:32","4","de","1483925705","2021-06-14 12:54:14","2021-06-14 12:57:32","20","A1","A2","A2","A5","A3","","","","","","","A2","A2","A3","A3","A2","","A4","A1","A2","A2","","A1","A1","A2","Zu weit. Ich nutze gerne Packstationen, sie sind aber weiträumig verteilt","A1","A4","5","","A1","","","201.06","24.83","","","","","","","","","","106.88","","","","","","","","","","","","","","","56.64","","","","","","12.71","",""
"119","2021-06-14 17:10:43","4","de","734586405","2021-06-14 17:08:16","2021-06-14 17:10:43","21","A1","A2","A3","A6","A2","A4","","","","","","A2","A2","A2","A2","A2","","A3","A2","","A3","","A2","A3","A2","","A1","A4","5","","A1","","","148.98","33.34","","","","","","","","","","67.47","","","","","","","","","","","","","","","39.83","","","","","","8.34","",""
"120","2021-06-15 19:52:36","4","de","2128121305","2021-06-15 19:50:16","2021-06-15 19:52:36","20","A1","A2","A1","A5","A3","","","","","","","A1","","","","A1","A3","","","","","","","","A2","Bahnhof wäre unpassender als diese Paketstationen, von der hier eine näher wäre.","A2","","","Keine Zeit","","","","141.89","41.75","","","","","","","","","","60.4","","","","","","","","","","","","","","","32.35","","","","","","7.39","",""
"121","","0","de","370036199","2021-06-16 15:16:45","2021-06-16 15:17:15","","","","","","","","","","","","","","","","","","","","","","","","","","","","","","","","","","","20.56","20.56","","","","","","","","","","","","","","","","","","","","","","","","","","","","","","","","",""
"122","","0","de","643515397","2021-06-16 16:56:19","2021-06-16 16:56:19","","","","","","","","","","","","","","","","","","","","","","","","","","","","","","","","","","","0","","","","","","","","","","","","","","","","","","","","","","","","","","","","","","","","","",""
"123","","0","de","1008331738","2021-06-21 14:10:39","2021-06-21 14:10:39","","","","","","","","","","","","","","","","","","","","","","","","","","","","","","","","","","","0","","","","","","","","","","","","","","","","","","","","","","","","","","","","","","","","","",""
"124","2021-06-21 14:23:06","4","de","1844877944","2021-06-21 14:20:25","2021-06-21 14:23:06","52","A2","A3","A5","A6","A2","A1","","","","","","A3","A1","A2","A2","A2","","A3","A2","","-oth-","In Ausnahmen nur","A1","A2","A1","","A1","A1","2","","A1","","","162.22","40","","","","","","","","","","67.7","","","","","","","","","","","","","","","47.04","","","","","","7.48","",""
"125","2021-06-21 16:40:59","4","de","90505619","2021-06-21 16:37:32","2021-06-21 16:40:59","23","A2","A2","A4","A6","A3","","","","","","","A3","A2","A3","A2","A1","A4","A3","A2","","A3","","A1","A3","A1","","A1","A1","2","","A1","Transportieren für andere könnte ich mir vorstellen. 
Aber wenn es um meine packets geht hätte ich da ein paar bedenken was die Sicherheit des packets angeht ","","208.84","51.7","","","","","","","","","","64.25","","","","","","","","","","","","","","","48.68","","","","","","44.21","",""
"126","2021-06-21 18:40:55","4","de","1026070903","2021-06-21 18:35:55","2021-06-21 18:40:55","24","A1","A2","A1","A5","A3","","","","","","","A2","A2","A3","A3","A1","A2","A3","A2","","A3","","A2","A2","A1","","A1","A3","3","","A2","","","302.53","31.96","","","","","","","","","","110.71","","","","","","","","","","","","","","","151.89","","","","","","7.97","",""
"127","","0","de","966496423","2021-06-23 21:02:39","2021-06-23 21:02:39","","","","","","","","","","","","","","","","","","","","","","","","","","","","","","","","","","","0","","","","","","","","","","","","","","","","","","","","","","","","","","","","","","","","","",""
"128","","0","de","1081639600","2021-06-29 13:01:19","2021-06-29 13:01:19","","","","","","","","","","","","","","","","","","","","","","","","","","","","","","","","","","","0","","","","","","","","","","","","","","","","","","","","","","","","","","","","","","","","","",""
"129","2021-07-02 18:15:33","4","de","2060177313","2021-07-02 18:11:51","2021-07-02 18:15:33","27","A1","A2","A3","A6","A3","","","","","","","A2","A2","A4","A3","A1","A5","A3","A1","A4","A2","","A2","A1","A1","","A1","A3","10","","A1","","","223.49","46.17","","","","","","","","","","134.16","","","","","","","","","","","","","","","34.86","","","","","","8.3","",""
"130","2021-07-22 02:04:59","4","de","1304603200","2021-07-22 02:02:40","2021-07-22 02:04:59","19","A2","A2","A2","A5","A3","","","","","","","A4","A1","A2","A2","A1","A4","A3","A2","","A2","","A2","A3","A2","","A1","A3","2","","A1","","","139.78","38.04","","","","","","","","","","64.14","","","","","","","","","","","","","","","29.4","","","","","","8.2","",""
"131","","1","de","1616179211","2021-07-27 13:18:27","2021-07-27 13:18:54","22","A2","A3","A4","A5","A3","","","","","","","","","","","","","","","","","","","","","","","","","","","","","27.12","27.12","","","","","","","","","","","","","","","","","","","","","","","","","","","","","","","","",""

